Type,Name,Request Count,Failure Count,Median Response Time,Average Response Time,Min Response Time,Max Response Time,Average Content Size,Requests/s,Failures/s,50%,66%,75%,80%,90%,95%,98%,99%,99.9%,99.99%,100%
POST,1.login,100,0,3000.0,3220.629755159979,1200.4438349999873,5911.904650999986,181.0,3.598703863814049,0.0,3100,3800,4400,4500,5100,5500,5700,5900,5900,5900,5900
GET,2.course_list,100,0,2700.0,2897.3181524399756,1002.3591750000378,4696.9019510002,13.0,3.598703863814049,0.0,2700,3500,4100,4100,4500,4600,4700,4700,4700,4700,4700
GET,3.quiz_list,100,0,2300.0,2790.809860889976,1304.4614039999942,5409.451775999969,818.0,3.598703863814049,0.0,2600,3200,3500,4200,4700,5100,5400,5400,5400,5400,5400
GET,4.quiz_info,100,0,2600.0,2810.516101620019,1444.8955220000244,5461.850578999929,1151.0,3.598703863814049,0.0,2600,2700,2900,3600,4600,5200,5300,5500,5500,5500,5500
GET,5.quiz_download,100,0,1700.0,1686.6423848600243,77.35379900032058,3318.829137999728,1406.0,3.598703863814049,0.0,1700,2200,2300,2300,2500,3100,3300,3300,3300,3300,3300
GET,6.quiz_authenticate,100,0,840.0,1265.109782560003,98.56614499994976,2772.4139499996454,185.0,3.598703863814049,0.0,840,2100,2200,2300,2500,2600,2700,2800,2800,2800,2800
POST,7.quiz_submit,100,0,280.0,640.4524833899769,80.24287899979754,2629.1533059998073,62.0,3.598703863814049,0.0,280,460,740,840,2200,2500,2500,2600,2600,2600,2600
,Aggregated,700,0,2200.0,2187.3540744171382,77.35379900032058,5911.904650999986,545.1428571428571,25.190927046698345,0.0,2200,2600,2900,3200,4300,4700,5300,5400,5900,5900,5900
