Type,Name,Request Count,Failure Count,Median Response Time,Average Response Time,Min Response Time,Max Response Time,Average Content Size,Requests/s,Failures/s,50%,66%,75%,80%,90%,95%,98%,99%,99.9%,99.99%,100%
POST,1.login,10,0,1100.0,1107.892631300001,937.9601790000152,1216.2858240000105,181.0,0.5765545193615148,0.0,1100,1100,1200,1200,1200,1200,1200,1200,1200,1200,1200
GET,2.course_list,10,0,83,87.58353120000493,65.387018000024,111.588930000039,13.0,0.5765545193615148,0.0,86,93,100,110,110,110,110,110,110,110,110
GET,3.quiz_list,10,0,160.0,200.6757023999853,146.38233100004072,523.9773289999903,732.0,0.5765545193615148,0.0,170,170,180,180,520,520,520,520,520,520,520
GET,4.quiz_info,10,0,380.0,412.45950729999095,308.7092580000217,604.1626190000216,1146.0,0.5765545193615148,0.0,380,440,450,490,600,600,600,600,600,600,600
GET,5.quiz_download,10,0,110.0,105.29420489998529,69.23171799996908,124.64375399997607,1396.0,0.5765545193615148,0.0,110,110,120,120,120,120,120,120,120,120,120
GET,6.quiz_authenticate,10,0,140.0,154.34433010002522,111.99966400010908,211.76257900003748,185.0,0.5765545193615148,0.0,150,160,200,200,210,210,210,210,210,210,210
POST,7.quiz_submit,10,0,90,94.18406859999777,82.8836840000804,124.83695599996736,62.0,0.5765545193615148,0.0,90,91,96,110,120,120,120,120,120,120,120
,Aggregated,70,0,140.0,308.9191393999985,65.387018000024,1216.2858240000105,530.7142857142857,4.035881635530603,0.0,150,200,380,450,1100,1100,1200,1200,1200,1200,1200
