Type,Name,Request Count,Failure Count,Median Response Time,Average Response Time,Min Response Time,Max Response Time,Average Content Size,Requests/s,Failures/s,50%,66%,75%,80%,90%,95%,98%,99%,99.9%,99.99%,100%
POST,1.login,134,0,5800.0,5795.321030925376,1507.8696890000174,10236.51733900033,181.0,3.932948093824659,0.0,5800,7100,8100,8400,9100,9700,10000,10000,10000,10000,10000
GET,2.course_list,150,70,3300.0,3368.9720532200067,25.335043000268342,8657.404317999863,74.26,4.402553836370887,2.0545251236397473,3300,4900,6000,7400,7700,8200,8600,8600,8700,8700,8700
GET,3.quiz_list,150,79,2900.0,2362.071188973333,29.777575000025536,8364.439503000085,497.54,4.402553836370887,2.3186783538220004,2900,3200,3500,4500,6000,7600,7700,8400,8400,8400,8400
GET,4.quiz_info,95,0,3200.0,3713.749704810519,1751.2711900003524,7878.7309609997465,1146.0,2.7882840963682285,0.0,3200,3300,4000,5700,6400,6800,6900,7900,7900,7900,7900
GET,5.quiz_download,150,38,2300.0,2143.397850526659,28.424147999885463,8500.571136000417,1074.86,4.402553836370887,1.1153136385472913,2300,2800,2900,3000,3400,5900,7100,7100,8500,8500,8500
GET,6.quiz_authenticate,150,32,1500.0,1675.3794243266414,24.59477499996865,5922.708919000343,171.10666666666665,4.402553836370887,0.9392114850924559,1500,2300,3000,3100,3200,3300,5500,5500,5900,5900,5900
POST,7.quiz_submit,95,0,300.0,615.7360417052633,79.13227099970754,2997.5416030001725,62.0,2.7882840963682285,0.0,300,790,1200,1300,1500,1700,1900,3000,3000,3000,3000
,Aggregated,924,219,2600.0,2835.8736381168774,24.59477499996865,10236.51733900033,445.5400432900433,27.119731632044665,6.427728601101495,2600,3200,3800,5000,7100,8000,8700,9400,10000,10000,10000
