Type,Name,Request Count,Failure Count,Median Response Time,Average Response Time,Min Response Time,Max Response Time,Average Content Size,Requests/s,Failures/s,50%,66%,75%,80%,90%,95%,98%,99%,99.9%,99.99%,100%
POST,1.login,50,0,1300.0,1630.865129380036,983.9157610001621,2870.923538999932,181.0,2.4515521549031125,0.0,1400,1900,2300,2400,2600,2800,2900,2900,2900,2900,2900
GET,2.course_list,50,0,520.0,783.3862373199918,55.649722999987716,1855.0575819999722,13.0,2.4515521549031125,0.0,610,1200,1400,1600,1600,1700,1900,1900,1900,1900,1900
GET,3.quiz_list,50,0,840.0,966.8114798199985,157.3527880000256,2071.289656999852,884.0,2.4515521549031125,0.0,850,1500,1500,1600,1800,1900,2100,2100,2100,2100,2100
GET,4.quiz_info,50,0,1100.0,1226.6962213399754,468.4307049999461,2296.8566679999185,1146.0,2.4515521549031125,0.0,1100,1400,1700,1700,2100,2200,2300,2300,2300,2300,2300
GET,5.quiz_download,50,0,590.0,772.1740157800059,55.68887499998709,2222.4502480000865,1396.0,2.4515521549031125,0.0,680,1100,1400,1400,1500,1900,2200,2200,2200,2200,2200
GET,6.quiz_authenticate,50,0,300.0,706.3535489399824,106.21852999997827,2065.0454819999595,185.0,2.4515521549031125,0.0,410,850,1400,1400,1700,1900,2100,2100,2100,2100,2100
POST,7.quiz_submit,50,0,160.0,363.59408263999734,71.59987499994713,1397.7436630000284,62.0,2.4515521549031125,0.0,160,410,480,680,1200,1300,1400,1400,1400,1400,1400
,Aggregated,350,0,810.0,921.4115307457115,55.649722999987716,2870.923538999932,552.4285714285714,17.160865084321788,0.0,820,1200,1400,1600,1900,2200,2400,2800,2900,2900,2900
